Motif	FamilyName	ClusterLabel
4V88_A6:1156-1159_1616-1620	IL_C-loop	-1
4V88_A6:745-746_801-804	IL_C-loop	-1
4V88_A6:626-630_967-971	IL_E-loop	0
4V88_A6:989-993_1009-1013	IL_E-loop	-1
4V88_A6:1677-1681_1718-1722	IL_E-loop	-1
4V88_A6:310-315_347-354	IL_Kink-turn	0
4V88_A6:561-567_574-582	IL_Kink-turn	1
4V88_A6:894-898_909-916	IL_Kink-turn	-1
4V88_A6:549-556_586-587	IL_Rope-sling	1
4V88_A6:1110-1117_1128-1133	IL_Sarcin-ricin	0
4V88_A6:1668-1671_1728-1731	IL_Tandem-shear	-1
4V88_A6:185-188_195-198	IL_Tandem-shear	-1
4V88_A6:1652-1655_1743-1746	IL_Tandem-shear	0
4V88_A6:1083-1088	HL_GNAA	2
4V88_A6:1120-1125	HL_GNAA	-1
4V88_A6:1295-1300	HL_GNAA	2
4V88_A6:936-941	HL_GNAA	-1
4V88_A6:1500-1505	HL_GNAA	3
4V88_A6:1395-1401	HL_GNGA	-1
4V88_A6:1549-1560	HL_T-loop	3
4V88_A6:392-403	HL_T-loop	-1
